{
  "pretrained_model_name_or_path": "runwayml/stable-diffusion-v1-5",
  "v2": false,
  "v_parameterization": false,
  "logging_dir": "D:\\dataset\\marty_mcfly\\1985\\lora/log",
  "train_data_dir": "D:\\dataset\\marty_mcfly\\1985\\lora\\img_gan",
  "reg_data_dir": "",
  "output_dir": "D:/lora/sd1.5/marty_mcfly",
  "max_resolution": "512,512",
  "learning_rate": "0.00003333",
  "lr_scheduler": "cosine",
  "lr_warmup": "0",
  "train_batch_size": 8,
  "epoch": "1",
  "save_every_n_epochs": "1",
  "mixed_precision": "bf16",
  "save_precision": "fp16",
  "seed": "1234",
  "num_cpu_threads_per_process": 2,
  "cache_latents": false,
  "caption_extension": "",
  "enable_bucket": true,
  "gradient_checkpointing": false,
  "full_fp16": false,
  "no_token_padding": false,
  "stop_text_encoder_training": 0,
  "use_8bit_adam": false,
  "xformers": true,
  "save_model_as": "safetensors",
  "shuffle_caption": false,
  "save_state": false,
  "resume": "",
  "prior_loss_weight": 1.0,
  "text_encoder_lr": "0.000016666",
  "unet_lr": "0.00003333",
  "network_dim": 128,
  "lora_network_weights": "",
  "color_aug": false,
  "flip_aug": false,
  "clip_skip": "1",
  "gradient_accumulation_steps": 1.0,
  "mem_eff_attn": false,
  "output_name": "mrtmcfl_v2.0",
  "model_list": "runwayml/stable-diffusion-v1-5",
  "max_token_length": "75",
  "max_train_epochs": "",
  "max_data_loader_n_workers": "0",
  "network_alpha": 128,
  "training_comment": "",
  "keep_tokens": "0",
  "lr_scheduler_num_cycles": "",
  "lr_scheduler_power": "",
  "persistent_data_loader_workers": false,
  "bucket_no_upscale": true,
  "random_crop": true,
  "bucket_reso_steps": 64.0,
  "caption_dropout_every_n_epochs": 0.0,
  "caption_dropout_rate": 0.1
}